friendly_class,opponent_class,turn,noplay_num,win_noplay,no_play_CI,pick1_num,win_pick1,win_pick1_ci,pick5_num,win_pick5,win_pick5_ci,pick10_num,win_pick10,win_pick10_ci
PRIEST,DRUID,3,9103,40.508,0.543563346,7,-26.22228571,18.19070442,180,-1.568,4.826376744,58,2.4795,9.776506909
PRIEST,DRUID,4,6917,39.052,0.477757154,36,9.283,11.62550063,2408,6.4,1.427426141,951,-1.428,1.603763644
PRIEST,DRUID,5,7303,40.14,0.592421228,118,4.268,6.505238477,533,-2.364,2.35985352,295,-6.696,3.649113012
PRIEST,DRUID,6,7320,41.012,0.438428819,103,-1.841166667,6.275828563,568,0.536,2.203169966,492,-2.628,2.566872037
PRIEST,DRUID,7,7138,41.38,0.436134158,129,-8.104,6.254491605,434,-0.692,3.817300817,688,-0.144,2.392543885
PRIEST,DRUID,8,7005,42.316,0.511500038,120,-8.624,7.218213669,283,-3.844,3.839530587,767,-0.196,1.616089698
PRIEST,DRUID,9,6272,42.96,0.673857363,22,13.29,15.32802022,526,-6.264,2.987741451,971,2.036,1.628020283
PRIEST,DRUID,10,5779,43.888,0.688389142,31,20.27866667,10.85405258,332,-0.308,3.513009868,715,-2.408,2.402023571
PRIEST,DRUID,11,5511,44.288,0.666541475,29,-3.935368421,12.61400905,199,-1.228,4.240686398,494,3.712,2.561617725
PRIEST,DRUID,12,5408,44.796,0.677234002,18,33.77542857,12.1637139,141,-7.904,5.768227434,302,2.556,2.951625767
PRIEST,HUNTER,3,2715,59.144,0.851904278,5,0.856,32.93088022,102,-3.317913043,7.55027555,10,-31.36622222,18.2309648
PRIEST,HUNTER,4,1960,58.028,1.157780618,27,-7.045647059,11.5038568,958,7.016,1.712429728,121,-0.028,5.559034435
PRIEST,HUNTER,5,2020,58.104,0.966145534,69,-4.204,8.243593284,212,3.644,3.494765396,38,4.701263158,10.228339
PRIEST,HUNTER,6,2057,58.096,0.822787062,62,-5.256869565,10.19894903,188,-2.816,5.033758578,69,8.42573913,7.479243043
PRIEST,HUNTER,7,2081,59.968,0.907300022,72,-22.304,7.862098705,160,-1.636,6.151626402,90,7.588521739,7.502685575
PRIEST,HUNTER,8,2067,60.996,1.078673517,67,0.256,8.705405819,112,1.168,6.486892975,106,7.768,5.493959627
PRIEST,HUNTER,9,1915,61.44,1.20217321,19,13.56,13.75546726,197,-1.612,4.532196471,153,13.772,4.935375789
PRIEST,HUNTER,10,1813,61.736,1.072091156,11,16.04177778,18.2309648,108,1.024869565,5.027509499,123,12.576,6.542693265
PRIEST,HUNTER,11,1798,61.512,1.163583882,6,28.488,13.44397556,62,5.779666667,8.786018864,84,26.592,5.395902915
PRIEST,HUNTER,12,1800,61.792,1.181728466,7,23.92228571,18.19070442,33,-2.144631579,10.9590593,53,22.30345455,6.675091918
PRIEST,MAGE,3,6848,58.708,0.610214424,7,7.958666667,27.42641384,126,1.02,6.882287981,45,1.053904762,8.68727397
PRIEST,MAGE,4,5661,57.464,0.75760735,24,4.300705882,13.07758243,1442,4.076,1.84824377,636,5.728,2.067925157
PRIEST,MAGE,5,6107,57.476,0.781399173,78,-17.876,8.936150093,304,-2.56,2.992290324,201,0.392,5.913461061
PRIEST,MAGE,6,6295,57.448,0.673036024,77,-25.62419048,6.621599172,328,0.824,4.049009309,361,5.9,2.402217581
PRIEST,MAGE,7,6258,57.86,0.619185632,88,-8.948,8.682408477,274,4.484,2.981257881,513,-1.624,3.066081033
PRIEST,MAGE,8,6242,57.876,0.77047355,74,-13.61513043,9.020500818,199,-0.552,3.672588065,538,9.824,2.502763736
PRIEST,MAGE,9,5894,57.98,0.685478507,31,4.52,11.37731658,377,-3.928,2.883813657,663,8.036,2.406211557
PRIEST,MAGE,10,5549,58.636,0.829080225,37,0.574526316,12.3759969,312,-13.632,3.301258865,585,7.292,2.347396753
PRIEST,MAGE,11,5328,59.276,0.726275776,24,-1.381263158,13.06536158,227,0.884,3.412213924,457,7.304,2.272038006
PRIEST,MAGE,12,5221,59.32,0.689252677,16,-0.99,18.13949943,208,-1.82,5.576190134,368,12.1,3.743176412
PRIEST,PALADIN,3,3059,53.94,0.953974236,10,-22.69,20.31299526,69,-6.194545455,8.734656803,17,0.226666667,17.46269894
PRIEST,PALADIN,4,2434,52.792,1.093166061,15,-14.91018182,16.93964373,808,3.076,1.960339,250,2.124,3.22290492
PRIEST,PALADIN,5,2548,53.108,1.064764406,54,-18.41254545,9.513754642,171,-5.096,5.484986615,110,4.821166667,7.658507709
PRIEST,PALADIN,6,2588,53.872,1.065603776,47,-4.787,10.59517692,169,-7.672,6.480337839,164,5.32,6.049503815
PRIEST,PALADIN,7,2607,54.164,1.154421904,45,-11.664,10.5525461,132,-2.076,6.059612795,204,6.076,3.892723498
PRIEST,PALADIN,8,2531,54.78,1.177449314,52,-20.2,9.525189102,101,-3.000833333,6.874884479,249,2.872,3.318443784
PRIEST,PALADIN,9,2271,55.124,1.218255688,11,11.54266667,20.67197101,226,-8.72,4.961140778,329,5.216,2.830697824
PRIEST,PALADIN,10,2048,54.616,1.265104378,13,10.384,18.4448876,141,-3.232,5.826761819,277,11.248,4.412755795
PRIEST,PALADIN,11,1950,54.7,1.452262576,14,4.390909091,18.07327043,107,-4.354166667,6.347745559,173,7.38,6.162796535
PRIEST,PALADIN,12,1921,55.424,1.435664495,7,-13.75733333,26.10916812,53,-4.669454545,10.27571649,130,3.3385,6.173439294
PRIEST,PRIEST,3,8050,49.36,0.632985232,1,50.64,NA,138,-2.7,5.809803867,59,6.476363636,7.270704186
PRIEST,PRIEST,4,6759,49.404,0.802752538,15,-30.17323077,12.87369663,1688,0.412,1.499929667,696,4.1,2.348580153
PRIEST,PRIEST,5,7218,50.748,0.875954813,65,-16.70038095,8.342851975,468,-7.808,2.479341057,196,0.324,4.329848306
PRIEST,PRIEST,6,7517,51.316,0.720814367,54,-15.2035,7.824690118,444,-6.58,3.248383949,322,4.568,2.383832328
PRIEST,PRIEST,7,7582,52.316,0.793617245,85,-33.8035,6.307353103,409,-6.02,3.53210846,525,3.32,3.304845083
PRIEST,PRIEST,8,7560,52.44,0.637942465,118,-15.44,6.64868212,235,-11.6,4.381709262,640,5.688,2.538240987
PRIEST,PRIEST,9,6920,53.248,0.773469224,33,-22.85976471,11.21721035,599,-7.424,2.001169079,818,2.58,1.562033377
PRIEST,PRIEST,10,6410,53.808,0.880091298,31,6.192,11.86629298,437,-12.12,2.575022343,735,5.38,2.162605908
PRIEST,PRIEST,11,6088,54.08,0.880882607,20,24.12769231,10.79285097,341,-3.028,3.363452852,538,5.58,3.091233574
PRIEST,PRIEST,12,5904,54.12,0.870141348,20,12.55142857,14.5756497,248,1.084,4.204270158,467,8.076,2.395607007
PRIEST,ROGUE,3,7946,46.668,0.718143563,32,-7.223555556,13.06935731,207,-2.604,3.567081119,18,-3.609666667,16.61309396
PRIEST,ROGUE,4,5111,44.92,0.939194425,79,-3.254782609,6.025717996,3385,4.028,0.867665397,325,-0.296,4.056449337
PRIEST,ROGUE,5,5322,45.12,0.733881244,185,-3.516,6.131361081,602,-0.696,2.576316965,107,-2.665833333,6.205473162
PRIEST,ROGUE,6,5309,45.04,0.674990734,179,-10.356,5.062745883,623,3.236,2.128828219,189,6.972,5.165412704
PRIEST,ROGUE,7,5205,45.9,0.834652444,245,-16.852,3.275030249,465,2.656,2.695043412,247,12.004,3.511641331
PRIEST,ROGUE,8,5113,46.36,0.750669611,179,-12.504,6.498338428,324,1.252,3.284890099,285,10.7,3.680014679
PRIEST,ROGUE,9,4707,45.944,1.000781521,15,1.278222222,19.64139445,539,3.236,2.349502311,364,23.02,3.281373557
PRIEST,ROGUE,10,4450,45.528,0.921706756,31,20.02755556,10.55785271,291,6.908,3.718690071,289,18.832,4.047587373
PRIEST,ROGUE,11,4392,45.528,0.90471276,22,16.01046154,15.53680648,144,10.05533333,6.307790538,146,18.78,5.843601433
PRIEST,ROGUE,12,4358,45.952,0.820634587,9,30.23371429,20.11332349,78,11.123,9.073095145,105,10.908,6.916737475
PRIEST,SHAMAN,3,17770,50.268,0.556649902,75,-13.30609524,7.681401886,517,1.212,2.72455825,52,10.56836364,9.46963418
PRIEST,SHAMAN,4,11159,48.512,0.511076003,206,-10.696,6.031123161,7850,4.924,1.075736249,709,3.4,2.009059466
PRIEST,SHAMAN,5,11588,49.088,0.594774977,479,-10.052,3.090610688,1275,0.812,2.445704735,280,-0.872,3.90021175
PRIEST,SHAMAN,6,11677,49.364,0.35931038,292,-11.968,4.147710838,1326,5.52,2.25162495,483,4.5,3.082986798
PRIEST,SHAMAN,7,11490,50.012,0.46801962,378,-16.692,3.456350493,1058,1.256,2.311773362,673,4.544,3.055601606
PRIEST,SHAMAN,8,11333,51.028,0.43355177,258,-18.824,3.195650374,679,1.708,2.971575376,923,8.052,1.509033555
PRIEST,SHAMAN,9,10110,51.276,0.428054676,53,-6.976,10.05883059,1228,0.68,1.746302686,1232,7.72,1.800936334
PRIEST,SHAMAN,10,9182,51.064,0.475120192,48,7.872363636,10.15048152,722,1.904,1.952525054,1128,10.76,1.715999651
PRIEST,SHAMAN,11,8864,51.572,0.504149235,29,17.87466667,12.48632062,361,0.46,3.492806978,694,10.952,1.80040636
PRIEST,SHAMAN,12,8733,51.948,0.488022112,20,-13.48646154,13.94829856,273,9.208,3.781347936,475,11.4,3.467604935
PRIEST,WARLOCK,3,7194,49.052,1.046800755,8,25.948,22.21793455,124,-5.856,6.266136069,42,-7.743304348,10.71320129
PRIEST,WARLOCK,4,5914,47.372,1.074371111,46,-2.924380952,9.350357684,1787,6.64,1.782200449,480,0.228,4.184104501
PRIEST,WARLOCK,5,6257,47.644,0.981737373,100,-4.812,6.03601035,458,2.656,2.681420235,177,-3.268,4.559912841
PRIEST,WARLOCK,6,6526,48.024,0.840054266,113,1.472,7.089636903,371,-0.624,4.290265033,247,-1.448,4.959299976
PRIEST,WARLOCK,7,6439,48.944,0.872668668,140,-6.304,6.135615328,350,-2.656,2.664820709,463,0.088,2.602503522
PRIEST,WARLOCK,8,6340,48.62,0.982183665,112,2.775833333,7.045648204,234,7.9,3.012728461,552,1.46,2.392777385
PRIEST,WARLOCK,9,5902,48.94,0.948519849,22,18.84,12.56999176,398,2.14,3.567841556,680,3.272,3.35729885
PRIEST,WARLOCK,10,5408,49.532,0.899351093,27,9.291529412,13.8720622,329,2.032,2.343786043,652,-0.396,2.673295561
PRIEST,WARLOCK,11,5136,50.132,0.888259546,22,-1.917714286,14.95701241,218,-2.52,3.960106351,508,-0.788,2.847456182
PRIEST,WARLOCK,12,4959,50.396,0.962446386,16,21.264,14.98538367,166,-1.876,5.368806191,393,-1.9,2.699752574
PRIEST,WARRIOR,3,13833,52.58,0.580692864,134,-23.884,4.096305458,423,-5.756,3.631144652,20,9.92,15.18075308
PRIEST,WARRIOR,4,8059,51.444,0.819842762,314,-15.256,3.673799051,6749,2.908,0.919180206,257,14.472,3.071227394
PRIEST,WARRIOR,5,8149,51.888,0.660677557,774,-12.44,2.031049781,848,6.756,2.068307747,101,15.787,4.736872109
PRIEST,WARRIOR,6,8235,52.596,0.767165521,431,-17.416,1.890557334,798,12.228,2.122780928,151,24.92,5.878528084
PRIEST,WARRIOR,7,8194,53.04,0.763458561,423,-9.032,2.999358951,533,20.092,2.236255333,227,23.156,4.848538923
PRIEST,WARRIOR,8,8066,53.74,0.742354092,259,-4.264,4.614979128,435,19.236,2.671825655,307,23.096,2.118024715
PRIEST,WARRIOR,9,7675,53.012,0.700133009,39,15.573,11.37130036,516,18.092,2.18266127,422,26.504,2.044333017
PRIEST,WARRIOR,10,7540,53.068,0.645691587,18,7.541090909,16.06766809,230,17.584,2.493901478,298,24.556,3.043320869
PRIEST,WARRIOR,11,7503,53.152,0.6888197,11,16.848,18.78335414,106,18.316,4.287827915,178,20.928,4.382734674
PRIEST,WARRIOR,12,7509,53.496,0.654696029,5,6.504,32.93088022,78,20.88316667,6.378642424,129,16.688,6.211336758
MAGE,DRUID,3,18580,38.96,0.644193233,9,-24.67428571,18.19070442,208,-0.676,3.484494089,69,-2.092,8.534050973
MAGE,DRUID,4,14485,35.888,0.638462193,80,13.15745455,7.61908605,4495,9.684,0.923188256,1981,8.152,1.635989855
MAGE,DRUID,5,15096,38.07692308,2.957294494,166,-4.660923077,5.573641896,1151,2.375076923,2.193043314,696,1.055076923,3.025997874
MAGE,DRUID,6,15134,35.288,0.503588402,136,-1.76,7.066536684,1122,3.688,1.980505839,1144,9.954307692,3.190105179
MAGE,DRUID,7,14498,34.416,0.538286114,204,-11.94,4.075294638,955,2.18,2.670830236,1636,8.068,1.650054833
MAGE,DRUID,8,14088,34.4,0.521914415,196,-5.876,2.721762205,607,1.076,2.048697304,1661,6.876,1.634690742
MAGE,DRUID,9,13030,34.708,0.576204848,74,9.678363636,7.157314194,835,-5.62,2.05238024,1889,6.584,1.43378593
MAGE,DRUID,10,11996,35.516,0.623237929,58,-12.63872727,7.39538787,650,-6.504,2.199152286,1710,5.656,1.466239144
MAGE,DRUID,11,11431,35.732,0.50914164,54,14.0555,8.679995224,436,0.364,2.853326539,1184,8.04,2.014484691
MAGE,DRUID,12,11222,36.572,0.54914257,48,-1.572,10.63097723,290,-4.768,2.693843339,779,7.772,2.244055283
MAGE,HUNTER,3,5745,53.08,0.713363131,10,-19.75142857,22.68779533,112,0.536,6.286291015,10,-30.85777778,18.2309648
MAGE,HUNTER,4,4491,50.84,0.871232067,34,-9.175,11.61210589,1815,7.66,1.151249774,207,8.02,5.003842798
MAGE,HUNTER,5,4571,49.68,0.887092633,121,3.028333333,7.076719157,517,4.068,2.88913397,135,17,5.670017763
MAGE,HUNTER,6,4526,48.692,0.960264442,102,-18.072,6.166891929,507,4.148,2.654611263,197,21.056,4.223764655
MAGE,HUNTER,7,4407,49.22,1.031237595,146,-23.356,6.853027319,422,0.192,3.028198537,265,13.936,4.06920738
MAGE,HUNTER,8,4259,49.928,1.087996498,138,-22.28216667,4.980400874,313,6.392,3.668705476,328,16.532,3.084504973
MAGE,HUNTER,9,4015,51.296,1.120673836,31,-11.47933333,11.58891988,357,-8.98,2.366688852,398,17.888,2.674601851
MAGE,HUNTER,10,3759,51.46,1.157950258,27,-4.237777778,12.35352288,236,-1.972,3.539346348,361,20.756,2.973591983
MAGE,HUNTER,11,3637,51.784,1.02929692,24,-14.284,12.91534325,155,3.761833333,5.561661686,205,21.876,4.682135849
MAGE,HUNTER,12,3583,51.98,1.159369622,17,14.68923077,14.24646417,118,23.8075,6.090674871,145,18.396,5.609786344
MAGE,MAGE,3,14141,53.348,0.690700234,7,29.98533333,21.68248395,142,2.364,5.813507745,82,2.143666667,7.865056455
MAGE,MAGE,4,12733,51.384,0.722066514,46,-1.59352381,10.92115814,2272,7.62,0.949166269,1137,7.32,2.801593481
MAGE,MAGE,5,13664,51.084,0.713742278,134,0.532,5.158759946,660,3.216,2.195617651,439,8.272,3.226671548
MAGE,MAGE,6,13900,50.368,0.762205126,132,-13.712,4.952942978,686,6.152,2.98910188,802,12.088,1.857732459
MAGE,MAGE,7,13602,50.004,0.755114555,178,-10.468,5.671120153,624,1.248,2.254651864,1214,10.28,2.001682927
MAGE,MAGE,8,13433,50.04,0.801207927,158,-23.132,4.917262384,467,-1.692,3.140306673,1210,9.3,1.874315132
MAGE,MAGE,9,12848,49.776,0.807149424,73,-8.285090909,8.972670846,652,-4.928,2.14707115,1329,9.56,1.971193117
MAGE,MAGE,10,12043,49.388,0.723369009,87,-6.467166667,6.540138362,597,-6.62,2.746452757,1358,12.292,1.974951155
MAGE,MAGE,11,11498,49.264,0.697865105,55,-11.69127273,10.09650533,470,-1.396,3.082917977,1086,11.34,1.970941637
MAGE,MAGE,12,11138,49.42,0.696407162,48,-5.3075,8.606364055,377,-1.096,2.916814373,839,13.648,2.786648893
MAGE,PALADIN,3,6090,58.228,0.769096632,5,21.772,26.88795111,74,2.1095,7.371735487,20,5.872,16.10670467
MAGE,PALADIN,4,5221,56.944,0.80354852,19,5.879076923,13.90526833,1286,4.44,1.385188114,430,5.072,3.054514378
MAGE,PALADIN,5,5444,57.5,0.83659279,75,-4.848,7.854665744,389,-4.1,3.030742152,205,4.796,4.66296374
MAGE,PALADIN,6,5364,57.284,0.726511743,89,-18.82,7.30108997,405,4.48,3.442826363,422,7.58,2.77258396
MAGE,PALADIN,7,5258,57.128,0.735348046,82,-4.448833333,8.560240598,308,-1.507166667,3.985055426,469,8.348,3.008483672
MAGE,PALADIN,8,5154,58.336,0.74577467,76,-14.17236364,6.297686845,239,-5.488,3.890908953,555,1.996,3.309151533
MAGE,PALADIN,9,4780,59.208,0.855806273,30,-13.88133333,12.80571131,324,-4.452,3.330462279,661,2.784,2.409071166
MAGE,PALADIN,10,4422,59.404,0.824474431,23,-16.54685714,15.27465645,241,-6.896,3.752353861,578,8.252,2.346790419
MAGE,PALADIN,11,4265,59.416,0.894986874,29,-20.316,12.77319229,184,3.452,3.979381154,425,8.672,2.920155994
MAGE,PALADIN,12,4172,60.428,0.840281437,16,-37.70072727,15.10079022,147,-4.824,5.344025637,331,3.184,2.998775067
MAGE,PRIEST,3,15831,44.044,0.562212971,4,-44.044,0,240,3.2,5.504540999,91,6.24,7.681481722
MAGE,PRIEST,4,12778,42.34,0.599842567,31,-9.00875,13.002433,3731,6.076,0.955470673,1381,8.016,1.701737637
MAGE,PRIEST,5,13417,42.108,0.645304044,71,4.214727273,7.776692265,1042,0.312,1.849521627,504,5.324,2.703561291
MAGE,PRIEST,6,13735,41.84,0.588577098,82,-2.776,7.974648624,906,-1.356,2.257296316,738,9.2,2.023507535
MAGE,PRIEST,7,13456,41.928,0.515327618,123,-16.61133333,4.963261478,882,-3.404,2.13130754,1212,8.968,1.716609659
MAGE,PRIEST,8,13297,41.724,0.449745079,145,-13.76,5.963255991,571,-5.664,2.441467612,1243,7.556,1.938778214
MAGE,PRIEST,9,12412,42.232,0.519455269,54,-8.193904762,7.820004475,845,-9.832,2.113723795,1540,5.696,1.490337557
MAGE,PRIEST,10,11484,42.248,0.631340803,55,-0.348,9.403549777,700,-4.396,1.883906608,1524,8.432,1.852924936
MAGE,PRIEST,11,10846,42.492,0.560597282,56,0.299666667,9.144223333,559,-5.196,2.938754209,1200,6.204,1.945010327
MAGE,PRIEST,12,10495,42.8,0.561838756,39,-4.547619048,10.54636582,401,-3.984,3.303441634,906,8.512,1.727489142
MAGE,ROGUE,3,17873,52.124,0.535853689,22,0.437538462,14.5801717,290,7.156,3.626789825,34,2.456,11.51176114
MAGE,ROGUE,4,13020,49.38,0.593124585,116,-2.5925,7.926017905,6450,7.808,0.864407763,649,5.18,1.765718177
MAGE,ROGUE,5,13119,49.424,0.558998471,424,-4.456,3.534319316,1803,3.64,1.354997349,296,2.228,3.901306959
MAGE,ROGUE,6,12932,48.836,0.649131957,341,-11,3.470047268,1670,6.744,1.278786321,538,11.264,2.249096182
MAGE,ROGUE,7,12690,48.82,0.639320704,451,-19.108,2.576739851,1223,1.96,1.699639118,717,9.648,2.274246335
MAGE,ROGUE,8,12218,49.368,0.728804919,417,-13.928,3.094858092,888,0.34,2.341235327,885,10.964,2.204500561
MAGE,ROGUE,9,11331,49.676,0.845742617,94,-12.03686957,7.064589722,1149,-0.692,1.794044798,1102,14.712,1.796504454
MAGE,ROGUE,10,10763,49.568,0.909441962,75,9.628,8.456323692,772,5.72,2.508230369,841,18.96,2.098364953
MAGE,ROGUE,11,10577,49.788,0.84754936,72,10.05290909,8.373261128,407,9.348,2.878272353,526,20.624,3.020072002
MAGE,ROGUE,12,10575,50.548,0.80429879,30,3.152,12.79456272,250,8.48,3.522304341,292,15.216,3.870638132
MAGE,SHAMAN,3,41454,53.116,0.370532481,69,-6.538222222,8.525852359,672,-1.732,3.71661407,56,1.666608696,9.777116074
MAGE,SHAMAN,4,27428,49.44,0.35096984,381,-7.244347826,2.812205184,17287,8.956,0.519890291,1333,9.052,2.281996008
MAGE,SHAMAN,5,27319,48.784,0.359426398,1237,-5.196,2.199720973,3940,6.092,1.091137688,612,7.48,2.492803049
MAGE,SHAMAN,6,26807,48.312,0.409302178,731,-13.896,3.001541796,3482,7.972,1.348533941,1280,8.268,1.656462069
MAGE,SHAMAN,7,25863,47.828,0.459085334,880,-8.048,2.221897585,2764,4.28,1.716710047,1820,11.924,1.336724026
MAGE,SHAMAN,8,25198,48.44,0.391820254,673,-8.928,2.556678784,1960,3.052,1.907316107,2115,9.38,1.411038236
MAGE,SHAMAN,9,22788,48.928,0.457771643,151,2.95026087,6.393481932,2607,0.644,1.158440635,2871,9.12,1.099929771
MAGE,SHAMAN,10,20683,49.232,0.439347124,166,3.1305,4.612403389,1904,2.98,2.279013949,2669,9.32,1.544565452
MAGE,SHAMAN,11,19574,49.58,0.479541851,102,7.372173913,8.323492287,1184,2.196,1.87523286,1917,13.14,1.189505557
MAGE,SHAMAN,12,19070,50.028,0.485709951,71,11.22852174,7.255978904,783,1.808,2.06462899,1282,12.912,1.71892248
MAGE,WARLOCK,3,15052,55.98,0.549247167,13,16.24222222,15.01783877,174,5.508,4.453236877,46,0.596190476,10.87488846
MAGE,WARLOCK,4,13013,53.82,0.645199224,55,3.871304348,10.04323786,3163,8.74,0.962507032,924,10.772,1.733226442
MAGE,WARLOCK,5,13835,53.676,0.662916149,182,1.936,5.321434303,921,2.044,2.068598003,362,5.664,2.619282212
MAGE,WARLOCK,6,14326,52.9,0.597133412,165,-1.336,4.981020121,726,7.976,2.229393706,637,12.984,2.382539666
MAGE,WARLOCK,7,14275,52.804,0.538191439,213,-13.616,4.787550045,719,3.812,2.449515473,992,9.112,1.805588773
MAGE,WARLOCK,8,14177,52.492,0.521111399,191,-8.56,4.408070308,526,5.832,2.783401638,1100,10.708,1.693057643
MAGE,WARLOCK,9,13422,52.272,0.476465777,77,3.554086957,7.417409855,734,-1.844,2.494796659,1429,8.944,1.759155869
MAGE,WARLOCK,10,12656,52.288,0.590161715,63,12.06852174,8.539807632,589,2.784,2.377964424,1366,9.096,1.541075764
MAGE,WARLOCK,11,12193,52.88,0.581290879,73,0.8325,9.199137278,436,3.08,3.117378705,1049,4.372,2.354535848
MAGE,WARLOCK,12,11930,53.34,0.619297847,52,24.61454545,8.087709135,299,-3.392,4.109282703,850,9.812,2.155942215
MAGE,WARRIOR,3,30108,55.196,0.389952468,85,-17.8133913,6.863774287,540,-2.048,2.806555015,24,10.18861538,14.10245721
MAGE,WARRIOR,4,20280,53.712,0.473334482,436,-13.552,2.45224978,12648,4.204,0.538974165,502,10.896,2.447815058
MAGE,WARRIOR,5,19241,53.972,0.373200896,1913,-10.568,1.401393709,2876,6.12,0.993786812,232,8.54,5.097773922
MAGE,WARRIOR,6,18367,54.204,0.416102254,1170,-21.82,1.627126545,2653,11.256,1.031102819,487,13.296,2.835300954
MAGE,WARRIOR,7,17646,54.744,0.393476727,1049,-15.64,2.039418845,1858,12.308,1.538028215,676,17.936,2.647691648
MAGE,WARRIOR,8,17076,55.036,0.446156518,679,-7.02,2.31035978,1227,15.796,1.50849193,932,20.428,1.833419726
MAGE,WARRIOR,9,16372,54.96,0.463827757,87,-1.864166667,7.803046345,1096,10.912,2.114868846,1105,24.808,1.27167927
MAGE,WARRIOR,10,16028,55.136,0.44423146,57,16.45965217,8.781836987,595,16.08,2.19535052,836,22.72,1.415104719
MAGE,WARRIOR,11,15964,55.528,0.50483793,33,6.137,10.65103961,285,13.452,4.204867991,494,22.908,2.037798614
MAGE,WARRIOR,12,15937,55.688,0.476066977,15,14.012,16.87804519,184,14.72,6.237505689,314,17.312,3.956745706
WARLOCK,DRUID,3,29060,48.40384615,2.474536101,14,-19.23717949,15.78220237,326,2.476153846,3.099293098,66,-17.50384615,6.840047999
WARLOCK,DRUID,4,26125,46.99230769,2.552482881,92,-7.367307692,7.555825828,5891,3.831692308,0.776910226,1145,2.371692308,1.972179925
WARLOCK,DRUID,5,26139,44.832,0.576679,677,1.012,2.572518304,2622,2.975692308,2.703747126,838,0.464,2.267328053
WARLOCK,DRUID,6,26328,45.036,0.551052532,434,-7.8,2.501698086,1978,-0.452,1.5373136,1107,2.14,1.833525846
WARLOCK,DRUID,7,25335,44.824,0.436944915,569,-9.048,1.859678991,1876,5.384,1.469764052,1970,4.32,1.359369868
WARLOCK,DRUID,8,24031,44.448,0.499746923,412,-11.368,3.344190091,1513,8.432,1.628283757,2336,5.76,1.208148993
WARLOCK,DRUID,9,22261,44.048,0.505644803,181,6.916,4.352521177,1698,5.124,1.277400278,2282,9.372,1.415054304
WARLOCK,DRUID,10,21084,43.932,0.54236033,122,5.9,5.936627608,1159,3.952,1.702684717,1834,10.036,1.467221415
WARLOCK,DRUID,11,20505,44,0.541945055,72,16.90434783,8.174692251,756,3.948,2.185987142,1175,11.96,1.489769855
WARLOCK,DRUID,12,20321,44.284,0.544404725,54,20.181,8.675620103,441,1.436,2.88764142,676,12.384,2.297350389
WARLOCK,HUNTER,3,7029,53.2,0.881671104,10,-3.2,20.52795357,137,-9.758333333,5.074332463,6,13.46666667,27.42641384
WARLOCK,HUNTER,4,5877,50.492,1.009373913,56,-6.937454545,9.531018491,1979,10.344,1.21038929,101,-1.708,5.48167212
WARLOCK,HUNTER,5,5646,49.984,0.980618395,316,-3.748,3.889734594,840,4.904,1.995013943,110,4.116,6.450127069
WARLOCK,HUNTER,6,5645,49.668,1.004953687,245,-8.596,4.29991566,617,3.864,2.335874875,94,14.54033333,6.531305225
WARLOCK,HUNTER,7,5458,49.884,1.024560281,268,-16.512,3.502322264,515,6.668,2.826416005,210,14.512,4.089389746
WARLOCK,HUNTER,8,5151,50.948,1.028113454,192,-12.78,4.894641359,442,6.756,2.830390792,321,14.752,3.603345527
WARLOCK,HUNTER,9,4857,50.828,0.954132531,54,3.085043478,9.772336443,386,8.728,4.25842323,338,18.88,4.215254902
WARLOCK,HUNTER,10,4621,50.268,1.035915084,25,12.75075,12.96998203,276,13.456,2.975644589,253,28.144,3.876136372
WARLOCK,HUNTER,11,4567,50.344,1.079201634,23,20.02822222,11.85358457,160,14.1,4.917616413,157,31.28643478,4.862344364
WARLOCK,HUNTER,12,4542,50.5,1.122873302,7,16.16666667,27.42641384,91,26.108,4.378144456,88,29.07916667,6.776352474
WARLOCK,MAGE,3,19924,47.744,0.349983786,9,5.039333333,24.02639363,214,0.724,4.23973983,79,-0.212,7.209434448
WARLOCK,MAGE,4,18602,46.84,0.314786444,73,3.56,8.501632211,3399,3.376,0.901587968,811,4.8,2.275369241
WARLOCK,MAGE,5,19041,47,0.341876504,433,-0.832,3.609605726,1362,2.808,1.683025979,545,-2.468,2.741582182
WARLOCK,MAGE,6,19540,47.176,0.29631069,356,-9.148,2.703413926,1053,5.468,1.348094156,779,1.312,2.204349254
WARLOCK,MAGE,7,18887,46.808,0.378158021,397,-11.808,3.017122973,1139,6.028,1.38617769,1435,7.048,1.333704844
WARLOCK,MAGE,8,18082,46.676,0.389346126,272,-0.284,4.530859308,1030,5.708,1.89246374,1627,6.864,1.508450164
WARLOCK,MAGE,9,16802,46.64,0.426413023,131,2.388,5.918041351,1195,-0.512,2.045713029,1822,7.64,1.449133109
WARLOCK,MAGE,10,15544,46.728,0.396142614,95,4.976,7.019319191,933,0.592,1.612904717,1712,6.192,1.600796084
WARLOCK,MAGE,11,14742,46.756,0.425438493,69,4.684909091,9.262062655,765,1.612,2.2584457,1235,6.844,1.753092813
WARLOCK,MAGE,12,14198,46.844,0.484208301,53,15.96126316,9.656955799,630,2.224,2.678444603,886,3.916,1.44232395
WARLOCK,PALADIN,3,8092,55.476,0.913724975,4,-30.476,35.56563204,114,-5.924,6.765852608,13,7.854,18.78424901
WARLOCK,PALADIN,4,7299,54.336,0.820543131,47,-5.549636364,10.42953248,1642,6.408,1.641051823,266,-1.372,4.140245487
WARLOCK,PALADIN,5,7277,54.456,0.905136636,200,-0.328,3.738845518,773,3.176,2.11210924,243,-2.468,4.281982217
WARLOCK,PALADIN,6,7326,54.852,0.835654225,178,-4.918666667,5.055081541,543,0.312,2.23984828,273,5.804,4.467796393
WARLOCK,PALADIN,7,7045,53.968,0.649768226,170,-6.56,4.775335592,493,8.488,2.632883803,539,9.916,2.923947905
WARLOCK,PALADIN,8,6731,54.168,0.749240225,117,-13.192,5.638389333,411,6.628,2.776012089,659,1.404,2.042993795
WARLOCK,PALADIN,9,6287,54.192,0.954821729,60,-9.419272727,8.480606264,457,-1.648,2.69791248,688,6.796,1.928348042
WARLOCK,PALADIN,10,5854,54.776,1.03932069,51,-2.080761905,10.64485152,409,-0.42,3.017023783,605,4.812,2.51199531
WARLOCK,PALADIN,11,5656,55.476,0.949185791,43,0.476380952,10.71078012,299,-4.428,4.195212058,381,7.536,2.979472231
WARLOCK,PALADIN,12,5598,56.008,0.964260261,17,2.968923077,15.06604411,190,0.517,5.670502992,270,7.92,4.433146626
WARLOCK,PRIEST,3,23875,58.52,0.573508427,1,-58.52,NA,310,-3.488,3.118171557,69,-13.94,8.260125489
WARLOCK,PRIEST,4,21925,57.74,0.584033864,31,-3.0525,11.9391867,4486,1.968,0.765334866,791,2.248,2.238000986
WARLOCK,PRIEST,5,22151,57.936,0.53284536,353,-5.848,2.592119409,2223,-2.032,1.477772666,581,1.396,2.87503416
WARLOCK,PRIEST,6,22616,58.264,0.494564177,274,-12.812,4.937050047,1588,-0.54,1.573965773,758,2.16,2.90891814
WARLOCK,PRIEST,7,22124,58.052,0.458408748,381,-19.408,3.192601763,1449,2.452,1.268684218,1449,8.124,1.695877422
WARLOCK,PRIEST,8,21513,57.968,0.433188323,286,-22.284,3.329207391,1266,1.708,1.655696726,1665,9.504,1.570285951
WARLOCK,PRIEST,9,20135,58.012,0.425505998,138,-14.44533333,4.907902172,1620,-2.42,1.345632148,1919,8.388,1.481678515
WARLOCK,PRIEST,10,18969,58.272,0.381426981,84,-6.9595,8.206312972,1299,-2.252,1.343083539,1820,8.484,0.962364556
WARLOCK,PRIEST,11,18127,58.572,0.441020465,96,-0.176,6.95193589,1066,1.204,2.009946556,1430,10.764,1.527749407
WARLOCK,PRIEST,12,17668,58.664,0.425100802,73,-7.433565217,8.275577843,771,3.508,1.940885973,1082,12.576,1.722395571
WARLOCK,ROGUE,3,27092,49.568,0.546699133,58,-13.80133333,7.61431287,435,2.036,3.236608583,30,-17.11536842,11.97498539
WARLOCK,ROGUE,4,20567,47.508,0.549833886,317,-11.104,4.18528614,9253,6.776,0.995620828,339,1.888,2.620418138
WARLOCK,ROGUE,5,19037,47.032,0.530922253,1349,-4.248,1.795696638,3334,5.444,1.251937593,261,4.516,3.961467773
WARLOCK,ROGUE,6,18930,47.176,0.545832434,954,-13.164,1.55918071,1922,6.48,1.272232137,300,6.9,4.2118981
WARLOCK,ROGUE,7,18567,47.212,0.622331924,947,-9.36,2.081147101,1553,12.8,1.825309166,550,17.644,2.811625768
WARLOCK,ROGUE,8,18079,47.324,0.655961392,574,-6.012,2.560128213,1294,15.448,1.739597372,835,15.524,2.330935392
WARLOCK,ROGUE,9,17120,46.552,0.639651039,193,7.02,4.891146743,1459,15.456,1.321366332,896,24.092,1.8328031
WARLOCK,ROGUE,10,16543,46.132,0.710295275,84,20.552,7.589070454,945,15.98,2.5466663,663,26.228,1.864327965
WARLOCK,ROGUE,11,16376,46.292,0.693103883,50,7.403652174,10.22723512,480,19.792,2.485515,388,25.884,3.303039137
WARLOCK,ROGUE,12,16407,46.488,0.680129516,33,14.78847059,12.79311117,232,24.5,4.310895036,185,28.184,3.824794538
WARLOCK,SHAMAN,3,56691,55.488,0.269628865,101,-23.336,7.492912706,851,-0.656,2.724003216,32,8.262,11.37222651
WARLOCK,SHAMAN,4,42071,53.956,0.393947382,618,-17.468,2.809831239,20445,5.544,0.380909238,789,5.292,2.111400674
WARLOCK,SHAMAN,5,38878,53.348,0.385029284,3044,-4.944,1.498706114,6810,7.56,0.69859625,655,3.22,2.252756664
WARLOCK,SHAMAN,6,38909,53.824,0.383411228,1775,-12.02,1.224631208,4064,5.904,0.760038334,898,6.764,2.144201756
WARLOCK,SHAMAN,7,37868,53.932,0.371346745,1420,-11.192,1.597450119,3609,8.644,1.415107992,1820,12.796,1.243420844
WARLOCK,SHAMAN,8,36093,53.72,0.349912302,950,-5.912,1.999729139,3136,10.572,0.988716121,2767,12.992,1.093894711
WARLOCK,SHAMAN,9,33110,52.992,0.407919021,345,-1.024,2.840579378,3514,9.56,1.410547658,3044,17.216,0.883270113
WARLOCK,SHAMAN,10,31081,52.744,0.497189325,187,11.012,3.938045268,2375,9.268,1.166605737,2673,17.84,1.055604891
WARLOCK,SHAMAN,11,29990,52.648,0.518625221,148,10.976,5.786202742,1512,11.504,1.348215111,1938,19.544,1.224847566
WARLOCK,SHAMAN,12,29676,52.844,0.459264916,88,11.72556522,7.458406784,971,11.6,1.736272891,1230,20.62,1.831106306
WARLOCK,WARLOCK,3,22808,52.376,0.432415519,29,-12.93155556,12.38641917,275,0.96,4.051338987,72,-3.346833333,8.310405875
WARLOCK,WARLOCK,4,21206,50.992,0.375514963,111,-9.7295,6.797727934,4194,7.488,0.938528303,618,2.188,2.412809204
WARLOCK,WARLOCK,5,21482,50.508,0.370172235,638,4.952,1.774668253,1806,5.108,1.503970185,450,5.256,2.927385512
WARLOCK,WARLOCK,6,22450,50.808,0.370109657,490,-6.668,3.778706414,1125,4.68,1.713514733,534,1.504,2.293067425
WARLOCK,WARLOCK,7,22503,50.82,0.429228376,464,-3.036,3.914717166,1133,4.528,1.803746188,1070,5.18,2.023141202
WARLOCK,WARLOCK,8,22061,50.572,0.360381475,307,0.328,4.899443592,1109,6.572,2.830567552,1461,6.224,2.042278943
WARLOCK,WARLOCK,9,20875,50.748,0.407362169,170,7.932,4.391862956,1312,5.78,1.621234376,1681,2.2,1.462056337
WARLOCK,WARLOCK,10,19814,50.576,0.484122188,102,15.96566667,5.159881597,1009,7.36,2.090760657,1593,4.74,1.615425675
WARLOCK,WARLOCK,11,19250,50.604,0.464300932,88,11.33766667,7.970607859,742,4.104,1.641190705,1146,6.628,1.696743684
WARLOCK,WARLOCK,12,18969,50.84,0.445331323,82,5.624,7.046764636,515,3.32,3.071998982,849,3.868,2.106950798
WARLOCK,WARRIOR,3,45927,51.624,0.320639246,218,-15.928,4.428718703,709,-3.936,3.152197828,33,6.217176471,12.10758989
WARLOCK,WARRIOR,4,31436,49.56,0.430467755,1010,-14.272,1.732496615,18516,6.536,0.429847434,345,10.88,3.008042632
WARLOCK,WARRIOR,5,27371,49.076,0.399737465,4335,-6.408,0.805352135,4737,12.212,0.91090781,259,11.556,3.387720514
WARLOCK,WARRIOR,6,26756,49.912,0.373002234,1986,-14.348,1.377915112,2671,15.936,1.121699358,322,18.028,2.893467072
WARLOCK,WARRIOR,7,25807,50.416,0.36327245,1515,-10.5,1.886493686,2170,22.392,1.217183638,599,19.74,2.080935178
WARLOCK,WARRIOR,8,24909,50.224,0.387855986,735,-2.244,2.405646622,1625,25.66,1.137744272,1010,25.212,1.581901352
WARLOCK,WARRIOR,9,24156,49.836,0.417624721,149,12.689,6.220435313,1230,25.512,1.745016143,1071,28.144,1.732679501
WARLOCK,WARRIOR,10,23798,49.524,0.442423693,62,33.1135,7.088410782,726,25.396,1.750488007,788,30,2.120062213
WARLOCK,WARRIOR,11,23717,49.756,0.431493199,37,6.816222222,11.33743831,398,25.228,2.357657784,453,25.6,2.12106494
WARLOCK,WARRIOR,12,23641,49.772,0.425516885,15,16.89466667,20.67197101,221,22.056,3.343840434,322,21.408,4.134278068
